RequestID,data provided by 
211867,Shashank
211847,Shashank
211835,Shashank
211825,Shashank
211815,Shashank
211813,Shashank
211803,Shashank
211801,Shashank
211777,Shashank
211501,Shashank
211361,Shashank
211281,Shashank
211279,Shashank
211255,Shashank
211243,Shashank
211053,Shashank
210919,Shashank
210879,Shashank
211771,Shashank
211595,Shashank
211575,Shashank
211301,Shashank
210711,Shashank
210135,Shashank
208979,Shashank
208055,Shashank
207545,Shashank
205971,Shashank
212041,Shashank
211985,Shashank
211761,Shashank
211477,Shashank
209319,Shashank
212033,reserved
208947,less then 40 $
212101,Name in the job 
211049,reserved
211911,do not post home health
212307,Posted for return Traveler Brittany Fryman ( do not post )
211201,less than $ 40
212259,Medical Imaging Support Clerk  (specialty do not post)
212411,FOR RETURNING TRAVELER E.A (do not post )
212081,Home Health (specialty do not post)
212085,Home Health (specialty do not post)
212357,NonClinical  (do not post)
212415,For Rayna only (do not post )
212493,do not post ( Physical Therapist Home Health
,)
212491,do not post ( Physical Therapist Home Health
,)
212553,**HOLD FOR CURRENT TRAVELER** JC (do not post)
212439,for returning traveler S(do not post)
212611,( do not post) less than $40 
212651,RESERVED FOR A.H (do not post )
213015,do not post (*Reserved for M.M.*)
212881,do not post specialty
212799,"Sent to Neal, Do not post"
213031,FOR RETURNING TRAVELER M.A. ONLY SUBMIT THIS TRAVELER
211345,do not post (less then $40 )
213117,**HOLD FOR CURRENT TRAVELER** LM (do not pot )
212761,NonClinical  ( do not post )
212759,NonClinical  ( do not post )
213171,hold for Shannon H (do not post )
213155,NonClinical ( do not post )
212897,Speech Pathologist (do not post )
212791,Nutritionist ( do not post )
213299,RESERVED ( do not post )
213317,*Reserved for D. R.*(do not post )
212995,reserved for T. W(do not post)
213287,Brad Boyd & Andrea Darga( do not post)
213427,do not post less then $ 40 
213451,For Kara Only ( do not post )
213685,*Reserved for L. S.*(do not post)
212775,do not post ( less then $40 )
213365,Reserved for K. Y.(do not post )
214001,do not post quaries
213849,do not post specialty
214099,do not post (less then  $40)
213705, Home Health RN (do not post)
213727, Home Health RN (do not post)
214099,do not post (less then  $40)
213765,"this is an in-home position, please do not post"
213957, Physical Therapist - Home Care Danville( do not post specialty)
213795, Food and Nutritional Services(( do not post specialty)
213793, Food and Nutritional Services(( do not post specialty)
213859,less then $40 (do not post)
212763,less then $40 (do not post)
213943,do not post(queries)
214457,do not post(FOR B.W)
214011,Home Health Do Not Post
213647,less then $40 (do not post)
214083,"Distribution Tech , do not post"
214473, Social Worker(do not post )
214973,NonClinical (do not post )
215059,Hold for D.K.(do not post)
215057,Hold for M.S.(do not post)
215179,EXT ROLLOVER D.R.(do not post )
215227,NonClinical  (do not post )
214143,less then $40 
215303,RESERVED M.D.(do not post)
215275,Hold for D.A.(do not post)
214905, MDS Coordinator(do not post)
215339,RESERVED J.B(do not post)
215379,less than $ 40
215013,Counselor(do not post )
215215,Home Health(do not post)
215637,***Posted for Stacey Graveen***(do not post )
215257, Social Worker - LCSW or LCPC(do not post )
215645,***Posted for Stacey Graveen***(do not post )
215661, Occupational Therapist - Home Health(do not post )
215663, Physical Therapist-Home Health(do not post )
215703,Reserved for VAndrews(do not post )
215653,Reserved for S Abney
215685,NonClinical 
215687,NonClinical 
215689,NonClinical 
215765, Physical Therapist Home Health
215761, Physical Therapist Home Health
215463,RN - Home Health(do not post )
215697,NonClinical (do not post)
215695,NonClinical (do not post)
215329,POSITION IS FOR SNF AND Home Health(do not post )
215751,NonClinical (do not post )
215747,NonClinical (do not post )
215753, Physical Therapy - Home Health
214141,less then $40
215237,less then $40
215651,hold for Rebecca G
214633,less then $40
215291,less then $40
215293,less then $40
215881,Hold for H.C.
215633, Home Health RN(do not post )
215721,less then $40
215717,less then $40
